<?xml version="1.0" encoding="UTF-8"?>
<project-private xmlns="http://www.netbeans.org/ns/project-private/1">
    <editor-bookmarks xmlns="http://www.netbeans.org/ns/editor-bookmarks/2" lastBookmarkId="0"/>
    <open-files xmlns="http://www.netbeans.org/ns/projectui-open-files/2">
        <group>
            <file>file:/E:/GameStore-master/src/resources/css/style.css</file>
            <file>file:/E:/GameStore-master/src/gamestore/CheckoutController.java</file>
            <file>file:/E:/GameStore-master/src/gamestore/model/ImageTextCell.java</file>
            <file>file:/E:/GameStore-master/src/gamestore/model/CustomerQueries.java</file>
            <file>file:/E:/GameStore-master/src/gamestore/model/Customer.java</file>
            <file>file:/E:/GameStore-master/src/gamestore/LoginController.java</file>
            <file>file:/E:/GameStore-master/src/gamestore/model/ProductQueries.java</file>
            <file>file:/E:/GameStore-master/src/gamestore/Main.java</file>
            <file>file:/E:/GameStore-master/src/gamestore/MainController.java</file>
            <file>file:/E:/GameStore-master/src/gamestore/RegisterController.java</file>
            <file>file:/E:/GameStore-master/src/gamestore/LibraryController.java</file>
            <file>file:/E:/GameStore-master/src/gamestore/CartController.java</file>
            <file>file:/E:/GameStore-master/src/gamestore/AccountController.java</file>
            <file>file:/E:/GameStore-master/src/gamestore/model/Product.java</file>
        </group>
    </open-files>
</project-private>
